"Status","Name","Duration in ms","Description"
"passed","Google Translate  can translate Microbiologist #demo","1882",""
"passed","Google Translate  can translate Television #demo","1292",""
"passed","Google Translate  can translate Amenity #demo","2203",""
"passed","Google Translate  can translate Media #demo","555",""
"passed","Google Translate  can translate Geophysicist/field #demo","2879",""
"passed","Google Translate  can translate Buyer, #demo","484",""
"passed","Google Translate  can translate Secretary, #demo","552",""
"passed","Google Translate  can translate Cytogeneticist #demo","584",""
"passed","Google Translate  can translate Geophysical #demo","411",""
"passed","Google Translate  can translate Counsellor #demo","2328",""
"passed","Google Translate  can translate Trade #demo","2604",""
"passed","Google Translate  can translate Minerals #demo","2636",""
"passed","Google Translate  can translate Runner, #demo","625",""
"passed","Google Translate  can translate Systems #demo","663",""
"passed","Google Translate  can translate Clinical #demo","497",""
"passed","Google Translate  can translate Secretary/administrator #demo","2225",""
"passed","Google Translate  can translate Film/video #demo","1560",""
"passed","Google Translate  can translate Producer, #demo","521",""
"passed","Google Translate  can translate Radiation #demo","2433",""
"passed","Google Translate  can translate Horticulturist, #demo","2036",""
"passed","Google Translate  can translate Insurance #demo","474",""
"passed","Google Translate  can translate Chartered #demo","593",""
"passed","Google Translate  can translate Government #demo","2582",""
"passed","Google Translate  can translate Armed #demo","605",""
"passed","Google Translate  can translate Wellsite #demo","4611",""
"passed","Google Translate  can translate Programmer, #demo","2693",""
"passed","Google Translate  can translate Heritage #demo","2592",""
"passed","Google Translate  can translate Structural #demo","2515",""
"passed","Google Translate  can translate Child #demo","636",""
"passed","Google Translate  can translate Air #demo","626",""
"passed","Google Translate  can translate Radiographer, #demo","2177",""
"passed","Google Translate  can translate Colour #demo","3053",""
"passed","Google Translate  can translate Immunologist #demo","2261",""
"passed","Google Translate  can translate Designer, #demo","478",""
"passed","Google Translate  can translate Senior #demo","3261",""
"passed","Google Translate  can translate Fisheries #demo","560",""
"passed","Google Translate  can translate Scientist, #demo","553",""
"passed","Google Translate  can translate Agricultural #demo","478",""
"passed","Google Translate  can translate Trading #demo","698",""
"passed","Google Translate  can translate Doctor, #demo","2522",""
"passed","Google Translate  can translate Sales #demo","662",""
"passed","Google Translate  can translate Arts #demo","3070",""
"passed","Google Translate  can translate Hospital #demo","2596",""
"passed","Google Translate  can translate Arboriculturist #demo","2921",""
"passed","Google Translate  can translate Exercise #demo","621",""
"passed","Google Translate  can translate Librarian, #demo","572",""
"passed","Google Translate  can translate Geneticist, #demo","1861",""
"passed","Google Translate  can translate Conservation #demo","551",""
"passed","Google Translate  can translate Games #demo","599",""
"passed","Google Translate  can translate Solicitor #demo","4795",""
"passed","Google Translate  can translate Land/geomatics #demo","3068",""
"passed","Google Translate  can translate Early #demo","600",""
"passed","Google Translate  can translate Sports #demo","497",""
"passed","Google Translate  can translate Orthoptist #demo","5839",""
"passed","Google Translate  can translate Editorial #demo","590",""
"passed","Google Translate  can translate Equities #demo","2657",""
"passed","Google Translate  can translate TEFL #demo","2020",""
"passed","Google Translate  can translate Prison #demo","633",""
"passed","Google Translate  can translate Psychotherapist, #demo","551",""
"passed","Google Translate  can translate Estate #demo","2565",""
"passed","Google Translate  can translate Animal #demo","592",""
"passed","Google Translate  can translate Press #demo","454",""
"passed","Google Translate  can translate Psychiatric #demo","653",""
"passed","Google Translate  can translate Jewellery #demo","2231",""
"passed","Google Translate  can translate Brewing #demo","516",""
"passed","Google Translate  can translate Accounting #demo","1601",""
"passed","Google Translate  can translate Intelligence #demo","679",""
"passed","Google Translate  can translate Academic #demo","4960",""
"passed","Google Translate  can translate Museum #demo","2720",""
"passed","Google Translate  can translate Biochemist, #demo","2067",""
"passed","Google Translate  can translate Science #demo","519",""
"passed","Google Translate  can translate Psychiatrist #demo","2505",""
"passed","Google Translate  can translate Geochemist #demo","580",""
"passed","Google Translate  can translate Optician, #demo","2381",""
"passed","Google Translate  can translate Learning #demo","2515",""
"passed","Google Translate  can translate Further #demo","2714",""
"passed","Google Translate  can translate Commissioning #demo","454",""
"skipped","Google Translate  can translate Solicitor, #demo","0",""
"passed","Google Translate  can translate Advertising #demo","1539",""
"passed","Google Translate  can translate Tourist #demo","679",""
"passed","Google Translate  can translate Music #demo","1282",""
"passed","Google Translate  can translate Company #demo","2454",""
"passed","Google Translate  can translate Investment #demo","2510",""
"passed","Google Translate  can translate Food #demo","2657",""
"passed","Google Translate  can translate Risk #demo","740",""
"passed","Google Translate  can translate Accommodation #demo","1775",""
"passed","Google Translate  can translate Airline #demo","2276",""
"passed","Google Translate  can translate Careers #demo","2287",""
"passed","Google Translate  can translate Commercial #demo","518",""
"passed","Google Translate  can translate Video #demo","572",""
"passed","Google Translate  can translate Politicians #demo","606",""
"passed","Google Translate  can translate Gaffer #demo","2161",""
"passed","Google Translate  can translate Fashion #demo","676",""
"passed","Google Translate  can translate IT #demo","3162",""
"passed","Google Translate  can translate Race #demo","3639",""
"passed","Google Translate  can translate Tax #demo","748",""
"passed","Google Translate  can translate Education #demo","556",""
"passed","Google Translate  can translate Merchandiser, #demo","2263",""
"passed","Google Translate  can translate Phytotherapist #demo","3744",""
"passed","Google Translate  can translate Tour #demo","2800",""
"passed","Google Translate  can translate Patent #demo","466",""
"passed","Google Translate  can translate Accountant, #demo","694",""
"passed","Google Translate  can translate Newspaper #demo","2731",""
"passed","Google Translate  can translate Energy #demo","542",""
"passed","Google Translate  can translate Adult #demo","622",""
"passed","Google Translate  can translate Geographical #demo","2200",""
"passed","Google Translate  can translate Midwife #demo","506",""
"passed","Google Translate  can translate Barristers #demo","2872",""
"passed","Google Translate  can translate Speech #demo","1600",""
"passed","Google Translate  can translate Holiday #demo","2060",""
"passed","Google Translate  can translate Nurse, #demo","615",""
"passed","Google Translate  can translate Rural #demo","3280",""
"passed","Google Translate  can translate Land #demo","2692",""
"passed","Google Translate  can translate Publishing #demo","658",""
"passed","Google Translate  can translate Market #demo","513",""
"passed","Google Translate  can translate Translator #demo","1672",""
"passed","Google Translate  can translate Podiatrist #demo","552",""
"passed","Google Translate  can translate Firefighter #demo","477",""
"passed","Google Translate  can translate Barrister #demo","624",""
"passed","Google Translate  can translate Primary #demo","2067",""
"passed","Google Translate  can translate Acupuncturist #demo","490",""
"passed","Google Translate  can translate Environmental #demo","411",""
"passed","Google Translate  can translate Dealer #demo","572",""
"passed","Google Translate  can translate Museum/gallery #demo","636",""
"passed","Google Translate  can translate Therapist, #demo","662",""
"passed","Google Translate  can translate Textile #demo","2495",""
"passed","Google Translate  can translate Database #demo","5700",""
"passed","Google Translate  can translate Dance #demo","538",""
"passed","Google Translate  can translate Conservator, #demo","678",""
"passed","Google Translate  can translate Multimedia #demo","2233",""
"passed","Google Translate  can translate Clothing/textile #demo","2976",""
"passed","Google Translate  can translate Charity #demo","1536",""
"passed","Google Translate  can translate Dispensing #demo","3190",""
"passed","Google Translate  can translate Community #demo","520",""
"passed","Google Translate  can translate Interior #demo","3696",""
"passed","Google Translate  can translate Horticultural #demo","2767",""
"passed","Google Translate  can translate Soil #demo","2292",""
"passed","Google Translate  can translate Financial #demo","662",""
"passed","Google Translate  can translate Medical #demo","526",""
"passed","Google Translate  can translate Lecturer, #demo","6333",""
"passed","Google Translate  can translate Quarry #demo","2282",""
"passed","Google Translate  can translate Restaurant #demo","2118",""
"passed","Google Translate  can translate Materials #demo","3475",""
"passed","Google Translate  can translate Theme #demo","2484",""
"passed","Google Translate  can translate Development #demo","613",""
"passed","Google Translate  can translate Plant #demo","6850",""
"passed","Google Translate  can translate Travel #demo","1625",""
"passed","Google Translate  can translate Public #demo","526",""
"passed","Google Translate  can translate Mechanical #demo","682",""
"passed","Google Translate  can translate Surveyor, #demo","734",""
"passed","Google Translate  can translate Broadcast #demo","523",""
"passed","Google Translate  can translate English #demo","586",""
"passed","Google Translate  can translate Biomedical #demo","471",""
"passed","Google Translate  can translate Journalist, #demo","2241",""
"passed","Google Translate  can translate Advice #demo","455",""
"passed","Google Translate  can translate Administrator, #demo","570",""
"passed","Google Translate  can translate Bonds #demo","2288",""
"passed","Google Translate  can translate Optometrist #demo","2001",""
"passed","Google Translate  can translate Archaeologist #demo","3084",""
"passed","Google Translate  can translate Osteopath #demo","3391",""
"passed","Google Translate  can translate Chief #demo","752",""
"passed","Google Translate  can translate Chiropodist #demo","2607",""
"passed","Google Translate  can translate Purchasing #demo","2273",""
"passed","Google Translate  can translate Neurosurgeon #demo","3262",""
"passed","Google Translate  can translate Historic #demo","505",""
"passed","Google Translate  can translate Probation #demo","4183",""
"passed","Google Translate  can translate Building #demo","621",""
"passed","Google Translate  can translate Diagnostic #demo","3795",""
"passed","Google Translate  can translate Electronics #demo","2386",""
"passed","Google Translate  can translate Glass #demo","2521",""
"passed","Google Translate  can translate Herbalist #demo","2341",""
"passed","Google Translate  can translate Veterinary #demo","613",""
"passed","Google Translate  can translate Facilities #demo","2866",""
"passed","Google Translate  can translate Contractor #demo","2265",""
"passed","Google Translate  can translate Pathologist #demo","3004",""
"passed","Google Translate  can translate Electrical #demo","2208",""
"passed","Google Translate  can translate Teacher, #demo","490",""
"passed","Google Translate  can translate Information #demo","3033",""
"passed","Google Translate  can translate Fitness #demo","658",""
"passed","Google Translate  can translate Outdoor #demo","631",""
"passed","Google Translate  can translate Production #demo","2874",""
"passed","Google Translate  can translate Garment/textile #demo","4497",""
"passed","Google Translate  can translate Exhibitions #demo","2222",""
"passed","Google Translate  can translate Retail #demo","418",""
"passed","Google Translate  can translate International #demo","3813",""
"skipped","Google Translate  can translate Psychotherapist #demo","0",""
"passed","Google Translate  can translate Aid #demo","577",""
"passed","Google Translate  can translate Forest/woodland #demo","2251",""
"passed","Google Translate  can translate Industrial #demo","2126",""
"passed","Google Translate  can translate Futures #demo","2179",""
"passed","Google Translate  can translate Social #demo","2058",""
"passed","Google Translate  can translate Higher #demo","638",""
"passed","Google Translate  can translate Recruitment #demo","2374",""
"passed","Google Translate  can translate Theatre #demo","2737",""
"passed","Google Translate  can translate Ecologist #demo","373",""
"passed","Google Translate  can translate Maintenance #demo","2886",""
"passed","Google Translate  can translate Professor #demo","612",""
"passed","Google Translate  can translate General #demo","3169",""
"passed","Google Translate  can translate Product #demo","466",""
"passed","Google Translate  can translate Engineer, #demo","481",""
"passed","Google Translate  can translate Call #demo","625",""
"passed","Google Translate  can translate Presenter, #demo","620",""
"passed","Google Translate  can translate Water #demo","3632",""
"passed","Google Translate  can translate Location #demo","2493",""
"passed","Google Translate  can translate Analytical #demo","545",""
"passed","Google Translate  can translate Lexicographer #demo","581",""
"passed","Google Translate  can translate Police #demo","2013",""
"passed","Google Translate  can translate Health #demo","584",""
"passed","Google Translate  can translate Lighting #demo","1748",""
"passed","Google Translate  can translate Chemical #demo","596",""
"passed","Google Translate  can translate Economist #demo","3029",""
"passed","Google Translate  can translate Passenger #demo","2633",""
"passed","Google Translate  can translate Human #demo","1885",""
"passed","Google Translate  can translate Forensic #demo","733",""
"passed","Google Translate  can translate Oceanographer #demo","2246",""
"passed","Google Translate  can translate Hydrologist #demo","2054",""
"passed","Google Translate  can translate Stage #demo","4301",""
"passed","Google Translate  can translate Paediatric #demo","465",""
"passed","Google Translate  can translate Recycling #demo","2157",""
"passed","Google Translate  can translate Proofreader #demo","2879",""
"passed","Google Translate  can translate Customer #demo","2860",""
"passed","Google Translate  can translate Lobbyist #demo","2173",""
"passed","Google Translate  can translate Set #demo","2931",""
"passed","Google Translate  can translate Radio #demo","595",""
"passed","Google Translate  can translate Ophthalmologist #demo","2013",""
"passed","Google Translate  can translate Secondary #demo","1602",""
"passed","Google Translate  can translate Personnel #demo","3482",""
"passed","Google Translate  can translate Youth #demo","560",""
"passed","Google Translate  can translate Psychologist, #demo","687",""
"passed","Google Translate  can translate Oncologist #demo","2796",""
"passed","Google Translate  can translate Civil #demo","491",""
"passed","Google Translate  can translate Planning #demo","641",""
"passed","Google Translate  can translate Research #demo","743",""
"passed","Google Translate  can translate Bookseller #demo","564",""
"passed","Google Translate  can translate Furniture #demo","609",""
"passed","Google Translate  can translate Astronomer #demo","2605",""
"passed","Google Translate  can translate Volunteer #demo","2272",""
"passed","Google Translate  can translate Haematologist #demo","4125",""
"passed","Google Translate  can translate Geologist, #demo","725",""
"passed","Google Translate  can translate Control #demo","2590",""
"passed","Google Translate  can translate Petroleum #demo","3181",""
"passed","Google Translate  can translate Catering #demo","2435",""
"passed","Google Translate  can translate Leisure #demo","2682",""
"passed","Google Translate  can translate Ergonomist #demo","714",""
"passed","Google Translate  can translate Technical #demo","1554",""
"passed","Google Translate  can translate Fish #demo","2591",""
"passed","Google Translate  can translate Comptroller #demo","2962",""
